base_name,split,width,height,total_pixels,mask_pixels,mask_ratio_pct,inpaint_applied,num_boxes
001_20200622_203305(8),train,576,444,255744,816,0.31906906906906907,True,3
001_20200622_203309(1),train,576,444,255744,848,0.3315815815815816,True,3
001_20200622_203312(6),train,576,444,255744,816,0.31906906906906907,True,3
001_20200622_203316(0),train,576,444,255744,832,0.3253253253253253,True,3
001_20200622_203319(4),train,576,444,255744,832,0.3253253253253253,True,3
001_20200622_203330(3),train,576,444,255744,832,0.3253253253253253,True,3
001_20200623_003516(8),train,576,444,255744,848,0.3315815815815816,True,3
001_20200623_003520(5),train,576,444,255744,848,0.3315815815815816,True,3
001_20200623_003524(0),train,576,444,255744,832,0.3253253253253253,True,3
001_20200623_003529(0),train,576,444,255744,848,0.3315815815815816,True,3
001_20200623_003532(5),train,576,444,255744,784,0.30655655655655656,True,3
001_20200623_003536(0),train,576,444,255744,832,0.3253253253253253,True,3
001_20200623_043227(1),train,576,444,255744,816,0.31906906906906907,True,3
001_20200623_043231(6),train,576,444,255744,832,0.3253253253253253,True,3
001_20200623_043236(1),train,576,444,255744,848,0.3315815815815816,True,3
001_20200623_043240(6),train,576,444,255744,832,0.3253253253253253,True,3
001_20200623_043245(2),train,576,444,255744,816,0.31906906906906907,True,3
001_20200623_043249(6),train,576,444,255744,832,0.3253253253253253,True,3
001_20200623_082407(9),train,576,444,255744,864,0.33783783783783783,True,3
001_20200623_082411(0),train,576,444,255744,880,0.3440940940940941,True,3
001_20200623_082414(1),train,576,444,255744,832,0.3253253253253253,True,3
001_20200623_082416(7),train,576,444,255744,912,0.3566066066066066,True,3
001_20200623_082419(6),train,576,444,255744,848,0.3315815815815816,True,3
001_20200623_082422(5),train,576,444,255744,928,0.3628628628628629,True,3
001_20200623_123214(3),train,576,444,255744,816,0.31906906906906907,True,3
001_20200623_123223(3),train,576,444,255744,816,0.31906906906906907,True,3
001_20200623_123232(3),train,576,444,255744,816,0.31906906906906907,True,3
001_20200623_123236(9),train,576,444,255744,832,0.3253253253253253,True,3
001_20200623_123241(3),train,576,444,255744,864,0.33783783783783783,True,3
001_20200623_123245(8),train,576,444,255744,848,0.3315815815815816,True,3
001_20200623_163159(5),train,576,444,255744,992,0.3878878878878879,True,3
001_20200623_163209(3),train,576,444,255744,816,0.31906906906906907,True,3
001_20200623_163212(9),train,576,444,255744,800,0.3128128128128128,True,3
001_20200623_163216(2),train,576,444,255744,864,0.33783783783783783,True,3
001_20200623_163219(5),train,576,444,255744,912,0.3566066066066066,True,3
001_20200623_163222(9),train,576,444,255744,832,0.3253253253253253,True,3
001_20200623_203217(4),train,576,444,255744,816,0.31906906906906907,True,3
001_20200623_203222(0),train,576,444,255744,864,0.33783783783783783,True,3
001_20200623_203226(3),train,576,444,255744,800,0.3128128128128128,True,3
001_20200623_203230(9),train,576,444,255744,816,0.31906906906906907,True,3
001_20200623_203235(3),train,576,444,255744,816,0.31906906906906907,True,3
001_20200623_203247(5),train,576,444,255744,816,0.31906906906906907,True,3
001_20200624_003240(4),train,576,444,255744,832,0.3253253253253253,True,3
001_20200624_003244(2),train,576,444,255744,864,0.33783783783783783,True,3
001_20200624_003247(7),train,576,444,255744,816,0.31906906906906907,True,3
001_20200624_003251(1),train,576,444,255744,848,0.3315815815815816,True,3
001_20200624_003254(3),train,576,444,255744,816,0.31906906906906907,True,3
001_20200624_003303(5),train,576,444,255744,880,0.3440940940940941,True,3
001_20200624_043315(2),train,576,444,255744,784,0.30655655655655656,True,3
001_20200624_043324(2),train,576,444,255744,816,0.31906906906906907,True,3
001_20200624_043328(7),train,576,444,255744,832,0.3253253253253253,True,3
001_20200624_043333(2),train,576,444,255744,832,0.3253253253253253,True,3
001_20200624_043337(8),train,576,444,255744,832,0.3253253253253253,True,3
001_20200624_043349(7),train,576,444,255744,864,0.33783783783783783,True,3
001_20200624_083150(7),train,576,444,255744,848,0.3315815815815816,True,3
001_20200624_083153(8),train,576,444,255744,848,0.3315815815815816,True,3
001_20200624_083156(9),train,576,444,255744,832,0.3253253253253253,True,3
001_20200624_083159(6),train,576,444,255744,800,0.3128128128128128,True,3
001_20200624_083202(6),train,576,444,255744,560,0.21896896896896897,True,3
001_20200624_083205(7),train,576,444,255744,784,0.30655655655655656,True,3
001_20200624_123313(4),train,576,444,255744,832,0.3253253253253253,True,3
001_20200624_123317(8),train,576,444,255744,832,0.3253253253253253,True,3
001_20200624_123322(3),train,576,444,255744,912,0.3566066066066066,True,3
001_20200624_123326(6),train,576,444,255744,848,0.3315815815815816,True,3
001_20200624_123331(2),train,576,444,255744,832,0.3253253253253253,True,3
001_20200624_123335(6),train,576,444,255744,800,0.3128128128128128,True,3
001_20200624_162816(3),train,576,444,255744,832,0.3253253253253253,True,3
001_20200624_162821(2),train,576,444,255744,832,0.3253253253253253,True,3
001_20200624_162831(2),train,576,444,255744,848,0.3315815815815816,True,3
001_20200624_162835(8),train,576,444,255744,800,0.3128128128128128,True,3
001_20200624_203149(7),train,576,444,255744,784,0.30655655655655656,True,3
001_20200624_203154(3),train,576,444,255744,832,0.3253253253253253,True,3
001_20200624_203203(1),train,576,444,255744,816,0.31906906906906907,True,3
001_20200624_203207(8),train,576,444,255744,848,0.3315815815815816,True,3
001_20200624_203212(2),train,576,444,255744,912,0.3566066066066066,True,3
001_20200624_203225(8),train,576,444,255744,768,0.3003003003003003,True,3
001_20200625_003507(0),train,576,444,255744,800,0.3128128128128128,True,3
001_20200625_003511(4),train,576,444,255744,784,0.30655655655655656,True,3
001_20200625_003515(9),train,576,444,255744,848,0.3315815815815816,True,3
001_20200625_003520(4),train,576,444,255744,784,0.30655655655655656,True,3
001_20200625_003524(9),train,576,444,255744,832,0.3253253253253253,True,3
001_20200625_003529(2),train,576,444,255744,848,0.3315815815815816,True,3
001_20200625_043323(7),train,576,444,255744,832,0.3253253253253253,True,3
001_20200625_043328(3),train,576,444,255744,848,0.3315815815815816,True,3
001_20200625_043337(3),train,576,444,255744,832,0.3253253253253253,True,3
001_20200625_043341(7),train,576,444,255744,816,0.31906906906906907,True,3
001_20200625_043346(2),train,576,444,255744,816,0.31906906906906907,True,3
001_20200625_043359(8),train,576,444,255744,832,0.3253253253253253,True,3
001_20200629_082825(1),train,576,444,255744,848,0.3315815815815816,True,3
001_20200629_082828(0),train,576,444,255744,864,0.33783783783783783,True,3
001_20200629_082831(0),train,576,444,255744,800,0.3128128128128128,True,3
001_20200629_082834(2),train,576,444,255744,560,0.21896896896896897,True,3
001_20200629_082837(2),train,576,444,255744,816,0.31906906906906907,True,3
001_20200629_082840(2),train,576,444,255744,816,0.31906906906906907,True,3
001_20200629_082905(4),train,576,444,255744,800,0.3128128128128128,True,3
001_20200629_123107(1),train,576,444,255744,848,0.3315815815815816,True,3
001_20200629_123111(6),train,576,444,255744,816,0.31906906906906907,True,3
001_20200629_123116(1),train,576,444,255744,864,0.33783783783783783,True,3
001_20200629_123120(6),train,576,444,255744,848,0.3315815815815816,True,3
001_20200629_123125(2),train,576,444,255744,848,0.3315815815815816,True,3
001_20200727_204954(7),train,576,444,255744,256,0.10010010010010009,True,1
001_20200727_204958(2),train,576,444,255744,256,0.10010010010010009,True,1
001_20200811_003323(2),train,576,444,255744,256,0.10010010010010009,True,1
001_20200811_003327(0),train,576,444,255744,256,0.10010010010010009,True,1
001_20200811_043037(3),train,576,444,255744,272,0.10635635635635636,True,1
001_20200811_043041(6),train,576,444,255744,256,0.10010010010010009,True,1
001_20200814_033012(7),train,576,444,255744,256,0.10010010010010009,True,1
001_20200814_033016(6),train,576,444,255744,272,0.10635635635635636,True,1
001_20200814_043321(6),train,576,444,255744,256,0.10010010010010009,True,1
001_20200814_083045(8),train,576,444,255744,256,0.10010010010010009,True,1
001_20200814_083051(9),train,576,444,255744,272,0.10635635635635636,True,1
001_20200814_123136(2),train,576,444,255744,288,0.11261261261261261,True,1
001_20200814_123143(5),train,576,444,255744,256,0.10010010010010009,True,1
001_20200814_163101(7),train,576,444,255744,256,0.10010010010010009,True,1
001_20200814_163105(1),train,576,444,255744,256,0.10010010010010009,True,1
001_20200814_203438(9),train,576,444,255744,368,0.1438938938938939,True,1
001_20200814_203442(4),train,576,444,255744,256,0.10010010010010009,True,1
001_20200818_083145(2),train,576,444,255744,256,0.10010010010010009,True,1
001_20200818_083159(7),train,576,444,255744,256,0.10010010010010009,True,1
001_20200818_123634(4),train,576,444,255744,288,0.11261261261261261,True,1
001_20200818_163230(6),train,576,444,255744,256,0.10010010010010009,True,1
001_20200818_163233(9),train,576,444,255744,256,0.10010010010010009,True,1
001_20200818_203601(4),train,576,444,255744,256,0.10010010010010009,True,1
001_20200818_203607(4),train,576,444,255744,256,0.10010010010010009,True,1
001_20200819_003039(4),train,576,444,255744,256,0.10010010010010009,True,1
001_20200819_003044(1),train,576,444,255744,256,0.10010010010010009,True,1
001_20200819_043209(9),train,576,444,255744,272,0.10635635635635636,True,1
001_20200819_043216(0),train,576,444,255744,256,0.10010010010010009,True,1
001_20200819_083353(5),train,576,444,255744,272,0.10635635635635636,True,1
001_20200819_083401(0),train,576,444,255744,256,0.10010010010010009,True,1
001_20200819_124414(0),train,576,444,255744,256,0.10010010010010009,True,1
001_20200819_124415(9),train,576,444,255744,256,0.10010010010010009,True,1
001_20200819_162723(4),train,576,444,255744,256,0.10010010010010009,True,1
001_20200821_150525(5),train,576,444,255744,256,0.10010010010010009,True,1
001_20200821_150529(4),train,576,444,255744,256,0.10010010010010009,True,1
001_20200821_163349(7),train,576,444,255744,256,0.10010010010010009,True,1
001_20200821_163353(8),train,576,444,255744,256,0.10010010010010009,True,1
001_20200831_083711(6),train,576,444,255744,256,0.10010010010010009,True,1
001_20200831_083714(8),train,576,444,255744,272,0.10635635635635636,True,1
001_20200831_123316(5),train,576,444,255744,256,0.10010010010010009,True,1
001_20200922_163332(2),train,576,444,255744,272,0.10635635635635636,True,1
001_20200922_163335(3),train,576,444,255744,304,0.11886886886886888,True,1
002_20200622_203053(2),train,352,332,116864,768,0.6571741511500547,True,3
002_20200622_203057(3),train,352,332,116864,784,0.6708652792990142,True,3
002_20200622_203101(3),train,352,332,116864,768,0.6571741511500547,True,3
002_20200622_203105(4),train,352,332,116864,784,0.6708652792990142,True,3
002_20200622_203109(3),train,352,332,116864,768,0.6571741511500547,True,3
002_20200622_203121(4),train,352,332,116864,768,0.6571741511500547,True,3
002_20200622_203136(3),train,316,332,104912,800,0.7625438462711606,True,3
002_20200622_203140(8),train,316,332,104912,832,0.793045600122007,True,3
002_20200622_203145(3),train,316,332,104912,800,0.7625438462711606,True,3
002_20200622_203149(8),train,316,332,104912,784,0.7472929693457374,True,3
002_20200622_203154(3),train,316,332,104912,784,0.7472929693457374,True,3
002_20200622_203158(8),train,316,332,104912,832,0.793045600122007,True,3
002_20200624_003107(0),train,352,332,116864,768,0.6571741511500547,True,3
002_20200624_003111(0),train,352,332,116864,784,0.6708652792990142,True,3
002_20200624_003115(1),train,352,332,116864,768,0.6571741511500547,True,3
002_20200624_003115(6),train,316,332,104912,768,0.7320420924203141,True,3
002_20200624_003118(6),train,316,332,104912,800,0.7625438462711606,True,3
002_20200624_003119(1),train,352,332,116864,768,0.6571741511500547,True,3
002_20200624_003123(0),train,316,332,104912,784,0.7472929693457374,True,3
002_20200624_003123(1),train,352,332,116864,784,0.6708652792990142,True,3
002_20200624_003127(0),train,352,332,116864,768,0.6571741511500547,True,3
002_20200624_003127(5),train,316,332,104912,800,0.7625438462711606,True,3
002_20200624_003132(0),train,316,332,104912,800,0.7625438462711606,True,3
002_20200624_003136(5),train,316,332,104912,816,0.7777947231965838,True,3
002_20200624_043128(1),train,352,332,116864,800,0.6845564074479736,True,3
002_20200624_043132(2),train,352,332,116864,768,0.6571741511500547,True,3
002_20200624_043136(1),train,352,332,116864,816,0.6982475355969332,True,3
002_20200624_043136(9),train,316,332,104912,768,0.7320420924203141,True,3
002_20200624_043140(2),train,352,332,116864,800,0.6845564074479736,True,3
002_20200624_043141(4),train,316,332,104912,816,0.7777947231965838,True,3
002_20200624_043144(2),train,352,332,116864,784,0.6708652792990142,True,3
002_20200624_043145(8),train,316,332,104912,768,0.7320420924203141,True,3
002_20200624_043148(1),train,352,332,116864,768,0.6571741511500547,True,3
002_20200624_043150(3),train,316,332,104912,768,0.7320420924203141,True,3
002_20200624_043154(8),train,316,332,104912,800,0.7625438462711606,True,3
002_20200624_043159(4),train,316,332,104912,784,0.7472929693457374,True,3
002_20200624_083032(4),train,316,332,104912,768,0.7320420924203141,True,3
002_20200624_083036(9),train,316,332,104912,800,0.7625438462711606,True,3
002_20200624_083041(3),train,316,332,104912,784,0.7472929693457374,True,3
002_20200624_083045(5),train,352,332,116864,768,0.6571741511500547,True,3
002_20200624_083045(8),train,316,332,104912,784,0.7472929693457374,True,3
002_20200624_083049(6),train,352,332,116864,768,0.6571741511500547,True,3
002_20200624_083050(4),train,316,332,104912,800,0.7625438462711606,True,3
002_20200624_083053(3),train,352,332,116864,768,0.6571741511500547,True,3
002_20200624_083054(9),train,316,332,104912,816,0.7777947231965838,True,3
002_20200624_083057(4),train,352,332,116864,768,0.6571741511500547,True,3
002_20200624_083101(4),train,352,332,116864,800,0.6845564074479736,True,3
002_20200624_083105(5),train,352,332,116864,816,0.6982475355969332,True,3
002_20200624_123122(6),train,352,332,116864,800,0.6845564074479736,True,3
002_20200624_123126(4),train,352,332,116864,768,0.6571741511500547,True,3
002_20200624_123129(9),train,352,332,116864,768,0.6571741511500547,True,3
002_20200624_123133(0),train,352,332,116864,800,0.6845564074479736,True,3
002_20200624_123136(5),train,352,332,116864,768,0.6571741511500547,True,3
002_20200624_123143(7),train,352,332,116864,784,0.6708652792990142,True,3
002_20200624_123144(0),train,316,332,104912,800,0.7625438462711606,True,3
002_20200624_123148(2),train,316,332,104912,784,0.7472929693457374,True,3
002_20200624_123152(7),train,316,332,104912,784,0.7472929693457374,True,3
002_20200624_123157(4),train,316,332,104912,816,0.7777947231965838,True,3
002_20200624_123201(7),train,316,332,104912,784,0.7472929693457374,True,3
002_20200624_123206(2),train,316,332,104912,800,0.7625438462711606,True,3
002_20200624_162522(0),train,352,332,116864,768,0.6571741511500547,True,3
002_20200624_162527(8),train,352,332,116864,800,0.6845564074479736,True,3
002_20200624_162531(7),train,352,332,116864,784,0.6708652792990142,True,3
002_20200624_162536(8),train,352,332,116864,768,0.6571741511500547,True,3
002_20200624_162540(3),train,352,332,116864,784,0.6708652792990142,True,3
002_20200624_162543(7),train,352,332,116864,768,0.6571741511500547,True,3
002_20200624_162708(9),train,316,332,104912,784,0.7472929693457374,True,3
002_20200624_162713(4),train,316,332,104912,784,0.7472929693457374,True,3
002_20200624_162717(9),train,316,332,104912,768,0.7320420924203141,True,3
002_20200624_162722(4),train,316,332,104912,768,0.7320420924203141,True,3
002_20200624_203003(9),train,352,332,116864,784,0.6708652792990142,True,3
002_20200624_203012(9),train,352,332,116864,800,0.6845564074479736,True,3
002_20200624_203017(4),train,352,332,116864,784,0.6708652792990142,True,3
002_20200624_203021(9),train,352,332,116864,784,0.6708652792990142,True,3
002_20200624_203026(4),train,352,332,116864,768,0.6571741511500547,True,3
002_20200624_203044(4),train,352,332,116864,768,0.6571741511500547,True,3
002_20200624_203111(4),train,316,332,104912,848,0.8082964770474302,True,3
002_20200624_203114(3),train,316,332,104912,848,0.8082964770474302,True,3
002_20200624_203117(3),train,316,332,104912,816,0.7777947231965838,True,3
002_20200624_203120(3),train,316,332,104912,784,0.7472929693457374,True,3
002_20200624_203123(3),train,316,332,104912,864,0.8235473539728535,True,3
002_20200624_203126(3),train,316,332,104912,816,0.7777947231965838,True,3
002_20200629_082630(7),train,352,332,116864,768,0.6571741511500547,True,3
002_20200629_082639(2),train,352,332,116864,784,0.6708652792990142,True,3
002_20200629_082642(2),train,352,332,116864,768,0.6571741511500547,True,3
002_20200629_082645(4),train,352,332,116864,768,0.6571741511500547,True,3
002_20200629_082823(5),train,316,332,104912,832,0.793045600122007,True,3
002_20200629_082828(5),train,316,332,104912,816,0.7777947231965838,True,3
002_20200629_082831(3),train,316,332,104912,800,0.7625438462711606,True,3
002_20200629_082834(2),train,316,332,104912,784,0.7472929693457374,True,3
002_20200629_082837(0),train,316,332,104912,784,0.7472929693457374,True,3
002_20200629_082839(9),train,316,332,104912,768,0.7320420924203141,True,3
002_20200629_123442(5),train,316,332,104912,784,0.7472929693457374,True,3
002_20200629_123447(0),train,316,332,104912,832,0.793045600122007,True,3
002_20200629_123451(5),train,316,332,104912,784,0.7472929693457374,True,3
002_20200629_123456(0),train,316,332,104912,784,0.7472929693457374,True,3
002_20200629_123500(5),train,316,332,104912,816,0.7777947231965838,True,3
002_20200629_123505(0),train,316,332,104912,784,0.7472929693457374,True,3
002_20200629_163656(7),train,316,332,104912,800,0.7625438462711606,True,3
002_20200629_163659(7),train,316,332,104912,784,0.7472929693457374,True,3
002_20200629_163702(8),train,316,332,104912,768,0.7320420924203141,True,3
002_20200629_163705(8),train,316,332,104912,784,0.7472929693457374,True,3
002_20200629_163708(9),train,316,332,104912,768,0.7320420924203141,True,3
002_20200629_163711(8),train,316,332,104912,800,0.7625438462711606,True,3
002_20200831_163149(1),train,316,332,104912,256,0.24401403080677142,True,1
002_20200831_163150(6),train,316,332,104912,272,0.25926490773219457,True,1
002_20200831_203101(4),train,316,332,104912,256,0.24401403080677142,True,1
002_20200831_203105(9),train,316,332,104912,256,0.24401403080677142,True,1
002_20200901_043133(6),train,316,332,104912,272,0.25926490773219457,True,1
002_20200901_043136(6),train,316,332,104912,256,0.24401403080677142,True,1
002_20200901_043139(6),train,316,332,104912,256,0.24401403080677142,True,1
002_20200901_043142(6),train,316,332,104912,256,0.24401403080677142,True,1
002_20200901_043145(5),train,316,332,104912,256,0.24401403080677142,True,1
002_20200901_043148(6),train,316,332,104912,256,0.24401403080677142,True,1
002_20200901_083204(5),train,316,332,104912,288,0.27451578465761783,True,1
002_20200901_083452(2),train,316,332,104912,288,0.27451578465761783,True,1
002_20200901_083456(7),train,316,332,104912,256,0.24401403080677142,True,1
002_20200901_083501(2),train,316,332,104912,272,0.25926490773219457,True,1
002_20200901_083505(8),train,316,332,104912,368,0.35077016928473387,True,1
002_20200901_083510(2),train,316,332,104912,256,0.24401403080677142,True,1
002_20200901_083514(7),train,316,332,104912,256,0.24401403080677142,True,1
002_20200901_123049(7),train,316,332,104912,272,0.25926490773219457,True,1
002_20200901_123052(7),train,316,332,104912,256,0.24401403080677142,True,1
002_20200901_123100(3),train,316,332,104912,368,0.35077016928473387,True,1
002_20200901_123104(8),train,316,332,104912,384,0.3660210462101571,True,1
002_20200901_123109(2),train,316,332,104912,384,0.3660210462101571,True,1
002_20200901_191340(2),train,316,332,104912,272,0.25926490773219457,True,1
002_20200901_191343(2),train,316,332,104912,272,0.25926490773219457,True,1
002_20200901_191346(1),train,316,332,104912,256,0.24401403080677142,True,1
002_20200901_191348(8),train,316,332,104912,256,0.24401403080677142,True,1
002_20200901_191351(5),train,316,332,104912,272,0.25926490773219457,True,1
002_20200905_123103(4),train,316,332,104912,256,0.24401403080677142,True,1
002_20200905_123107(5),train,316,332,104912,272,0.25926490773219457,True,1
002_20200905_123111(6),train,316,332,104912,256,0.24401403080677142,True,1
002_20200905_163920(4),train,316,332,104912,256,0.24401403080677142,True,1
002_20200905_163924(2),train,316,332,104912,256,0.24401403080677142,True,1
002_20200905_163928(3),train,316,332,104912,256,0.24401403080677142,True,1
002_20200905_163932(3),train,316,332,104912,272,0.25926490773219457,True,1
002_20200905_163936(3),train,316,332,104912,256,0.24401403080677142,True,1
002_20200905_163940(2),train,316,332,104912,256,0.24401403080677142,True,1
002_20200905_203836(3),train,316,332,104912,256,0.24401403080677142,True,1
002_20200905_203840(3),train,316,332,104912,256,0.24401403080677142,True,1
002_20200905_203844(2),train,316,332,104912,256,0.24401403080677142,True,1
002_20200905_203848(4),train,316,332,104912,256,0.24401403080677142,True,1
002_20200905_203856(3),train,316,332,104912,256,0.24401403080677142,True,1
002_20200905_203900(3),train,316,332,104912,256,0.24401403080677142,True,1
002_20200906_003114(0),train,316,332,104912,272,0.25926490773219457,True,1
002_20200906_003117(3),train,316,332,104912,256,0.24401403080677142,True,1
002_20200906_003120(8),train,316,332,104912,272,0.25926490773219457,True,1
002_20200906_003124(0),train,316,332,104912,272,0.25926490773219457,True,1
002_20200906_003127(3),train,316,332,104912,272,0.25926490773219457,True,1
002_20200906_003130(7),train,316,332,104912,272,0.25926490773219457,True,1
001_20200728_014351(3),val,576,444,255744,272,0.10635635635635636,True,1
001_20200728_014355(2),val,576,444,255744,256,0.10010010010010009,True,1
001_20200728_043138(3),val,576,444,255744,272,0.10635635635635636,True,1
001_20200728_043141(5),val,576,444,255744,256,0.10010010010010009,True,1
001_20200728_083108(2),val,576,444,255744,256,0.10010010010010009,True,1
001_20200728_083116(1),val,576,444,255744,256,0.10010010010010009,True,1
001_20200728_123129(2),val,576,444,255744,256,0.10010010010010009,True,1
001_20200728_123132(4),val,576,444,255744,256,0.10010010010010009,True,1
001_20200728_163910(5),val,576,444,255744,256,0.10010010010010009,True,1
001_20200728_163913(6),val,576,444,255744,256,0.10010010010010009,True,1
002_20200623_003346(4),val,352,332,116864,784,0.6708652792990142,True,3
002_20200623_003350(4),val,352,332,116864,768,0.6571741511500547,True,3
002_20200623_003351(2),val,316,332,104912,784,0.7472929693457374,True,3
002_20200623_003354(3),val,352,332,116864,784,0.6708652792990142,True,3
002_20200623_003355(7),val,316,332,104912,784,0.7472929693457374,True,3
002_20200623_003358(2),val,352,332,116864,768,0.6571741511500547,True,3
002_20200623_003400(2),val,316,332,104912,784,0.7472929693457374,True,3
002_20200623_003402(2),val,352,332,116864,784,0.6708652792990142,True,3
002_20200623_003404(7),val,316,332,104912,784,0.7472929693457374,True,3
002_20200623_003409(2),val,316,332,104912,768,0.7320420924203141,True,3
002_20200623_003410(2),val,352,332,116864,768,0.6571741511500547,True,3
002_20200623_003413(7),val,316,332,104912,784,0.7472929693457374,True,3
002_20200623_043039(3),val,352,332,116864,800,0.6845564074479736,True,3
002_20200623_043043(2),val,352,332,116864,768,0.6571741511500547,True,3
002_20200623_043047(2),val,352,332,116864,768,0.6571741511500547,True,3
002_20200623_043051(3),val,352,332,116864,768,0.6571741511500547,True,3
002_20200623_043055(3),val,352,332,116864,784,0.6708652792990142,True,3
002_20200623_043056(0),val,316,332,104912,768,0.7320420924203141,True,3
002_20200623_043059(4),val,352,332,116864,784,0.6708652792990142,True,3
002_20200623_043100(6),val,316,332,104912,800,0.7625438462711606,True,3
002_20200623_043105(0),val,316,332,104912,784,0.7472929693457374,True,3
002_20200623_043109(4),val,316,332,104912,800,0.7625438462711606,True,3
002_20200623_043115(4),val,316,332,104912,800,0.7625438462711606,True,3
002_20200623_043120(0),val,316,332,104912,800,0.7625438462711606,True,3
002_20200623_082249(3),val,316,332,104912,784,0.7472929693457374,True,3
002_20200623_082253(8),val,316,332,104912,784,0.7472929693457374,True,3
002_20200623_082258(4),val,316,332,104912,784,0.7472929693457374,True,3
002_20200623_082258(6),val,352,332,116864,784,0.6708652792990142,True,3
002_20200623_082302(6),val,352,332,116864,768,0.6571741511500547,True,3
002_20200623_082302(7),val,316,332,104912,800,0.7625438462711606,True,3
002_20200623_082306(5),val,352,332,116864,768,0.6571741511500547,True,3
002_20200623_082307(2),val,316,332,104912,768,0.7320420924203141,True,3
002_20200623_082310(6),val,352,332,116864,784,0.6708652792990142,True,3
002_20200623_082311(8),val,316,332,104912,800,0.7625438462711606,True,3
002_20200623_082314(4),val,352,332,116864,768,0.6571741511500547,True,3
002_20200623_082318(5),val,352,332,116864,768,0.6571741511500547,True,3
002_20200623_123032(7),val,352,332,116864,784,0.6708652792990142,True,3
002_20200623_123036(5),val,352,332,116864,768,0.6571741511500547,True,3
002_20200623_123040(5),val,352,332,116864,784,0.6708652792990142,True,3
002_20200623_123042(0),val,316,332,104912,784,0.7472929693457374,True,3
002_20200623_123044(3),val,352,332,116864,784,0.6708652792990142,True,3
002_20200623_123046(4),val,316,332,104912,768,0.7320420924203141,True,3
002_20200623_123048(4),val,352,332,116864,768,0.6571741511500547,True,3
002_20200623_123051(1),val,316,332,104912,800,0.7625438462711606,True,3
002_20200623_123052(5),val,352,332,116864,816,0.6982475355969332,True,3
002_20200623_123055(5),val,316,332,104912,784,0.7472929693457374,True,2
002_20200623_123100(0),val,316,332,104912,784,0.7472929693457374,True,3
002_20200623_123104(5),val,316,332,104912,816,0.7777947231965838,True,3
002_20200623_163020(3),val,316,332,104912,784,0.7472929693457374,True,3
002_20200623_163023(3),val,316,332,104912,848,0.8082964770474302,True,3
002_20200623_163026(3),val,316,332,104912,800,0.7625438462711606,True,3
002_20200623_163029(6),val,316,332,104912,800,0.7625438462711606,True,3
002_20200623_163032(5),val,316,332,104912,784,0.7472929693457374,True,3
002_20200623_163035(5),val,316,332,104912,784,0.7472929693457374,True,3
002_20200623_163039(5),val,352,332,116864,768,0.6571741511500547,True,3
002_20200623_163043(7),val,352,332,116864,768,0.6571741511500547,True,3
002_20200623_163047(6),val,352,332,116864,800,0.6845564074479736,True,3
002_20200623_163051(7),val,352,332,116864,784,0.6708652792990142,True,3
002_20200623_163055(6),val,352,332,116864,768,0.6571741511500547,True,3
002_20200623_163059(6),val,352,332,116864,768,0.6571741511500547,True,3
002_20200623_203033(6),val,316,332,104912,800,0.7625438462711606,True,3
002_20200623_203038(0),val,316,332,104912,800,0.7625438462711606,True,3
002_20200623_203040(4),val,352,332,116864,784,0.6708652792990142,True,3
002_20200623_203042(5),val,316,332,104912,784,0.7472929693457374,True,3
002_20200623_203044(0),val,352,332,116864,768,0.6571741511500547,True,3
002_20200623_203047(0),val,316,332,104912,816,0.7777947231965838,True,3
002_20200623_203047(7),val,352,332,116864,800,0.6845564074479736,True,3
002_20200623_203050(0),val,316,332,104912,784,0.7472929693457374,True,3
002_20200623_203051(2),val,352,332,116864,816,0.6982475355969332,True,3
002_20200623_203054(6),val,316,332,104912,800,0.7625438462711606,True,3
002_20200623_203054(7),val,352,332,116864,768,0.6571741511500547,True,3
002_20200623_203058(3),val,352,332,116864,784,0.6708652792990142,True,3
002_20200714_042641(8),val,352,332,116864,768,0.6571741511500547,True,3
002_20200714_083054(2),val,352,332,116864,768,0.6571741511500547,True,3
002_20200714_083057(5),val,352,332,116864,800,0.6845564074479736,True,3
002_20200714_083101(7),val,352,332,116864,800,0.6845564074479736,True,3
002_20200714_083106(2),val,352,332,116864,768,0.6571741511500547,True,3
002_20200714_083110(8),val,352,332,116864,768,0.6571741511500547,True,3
002_20200714_083115(1),val,352,332,116864,784,0.6708652792990142,True,3
002_20200714_123109(8),val,352,332,116864,784,0.6708652792990142,True,3
002_20200714_123113(1),val,352,332,116864,784,0.6708652792990142,True,3
002_20200714_123117(3),val,352,332,116864,768,0.6571741511500547,True,3
002_20200714_123120(4),val,352,332,116864,784,0.6708652792990142,True,3
002_20200714_123123(5),val,352,332,116864,768,0.6571741511500547,True,3
002_20200714_123126(4),val,352,332,116864,784,0.6708652792990142,True,3
002_20200714_163046(2),val,352,332,116864,800,0.6845564074479736,True,3
002_20200714_163049(8),val,352,332,116864,768,0.6571741511500547,True,3
002_20200714_163053(5),val,352,332,116864,768,0.6571741511500547,True,3
002_20200714_163056(8),val,352,332,116864,768,0.6571741511500547,True,3
002_20200714_163100(2),val,352,332,116864,768,0.6571741511500547,True,3
002_20200714_163103(5),val,352,332,116864,768,0.6571741511500547,True,3
002_20200714_225756(0),val,352,332,116864,768,0.6571741511500547,True,3
002_20200714_225759(8),val,352,332,116864,784,0.6708652792990142,True,3
002_20200714_225803(3),val,352,332,116864,784,0.6708652792990142,True,3
002_20200714_225807(3),val,352,332,116864,768,0.6571741511500547,True,3
002_20200714_225810(5),val,352,332,116864,768,0.6571741511500547,True,3
002_20200714_225817(4),val,352,332,116864,768,0.6571741511500547,True,3
002_20200715_002443(4),val,352,332,116864,768,0.6571741511500547,True,3
002_20200715_002447(9),val,352,332,116864,784,0.6708652792990142,True,3
002_20200715_002456(9),val,352,332,116864,784,0.6708652792990142,True,3
002_20200715_002509(0),val,352,332,116864,768,0.6571741511500547,True,3
002_20200715_002513(4),val,352,332,116864,784,0.6708652792990142,True,3
002_20200901_003133(6),val,316,332,104912,256,0.24401403080677142,True,1
002_20200901_003136(6),val,316,332,104912,288,0.27451578465761783,True,1
002_20200901_003139(6),val,316,332,104912,272,0.25926490773219457,True,1
002_20200901_003142(6),val,316,332,104912,256,0.24401403080677142,True,1
002_20200901_003148(6),val,316,332,104912,272,0.25926490773219457,True,1
002_20200904_230054(2),val,316,332,104912,272,0.25926490773219457,True,1
002_20200904_230057(6),val,316,332,104912,256,0.24401403080677142,True,1
002_20200904_230105(4),val,316,332,104912,256,0.24401403080677142,True,1
002_20200906_003059(0),val,316,332,104912,256,0.24401403080677142,True,1
002_20200906_003114(8),val,316,332,104912,272,0.25926490773219457,True,1
002_20200906_003118(7),val,316,332,104912,256,0.24401403080677142,True,1
002_20200906_003122(7),val,316,332,104912,256,0.24401403080677142,True,1
002_20200906_003126(8),val,316,332,104912,256,0.24401403080677142,True,1
002_20200906_003132(7),val,316,332,104912,256,0.24401403080677142,True,1
001_20200810_085043(8),test,576,444,255744,272,0.10635635635635636,True,1
001_20200810_123047(8),test,576,444,255744,272,0.10635635635635636,True,1
001_20200810_123051(3),test,576,444,255744,272,0.10635635635635636,True,1
001_20200810_163112(8),test,576,444,255744,288,0.11261261261261261,True,1
001_20200810_163116(0),test,576,444,255744,272,0.10635635635635636,True,1
001_20200810_203208(7),test,576,444,255744,272,0.10635635635635636,True,1
001_20200810_203212(6),test,576,444,255744,256,0.10010010010010009,True,1
001_20200815_003438(6),test,576,444,255744,256,0.10010010010010009,True,1
001_20200815_003529(0),test,576,444,255744,256,0.10010010010010009,True,1
001_20200826_023328(3),test,576,444,255744,256,0.10010010010010009,True,1
001_20200826_023332(5),test,576,444,255744,400,0.1564064064064064,True,1
001_20200826_043252(8),test,576,444,255744,272,0.10635635635635636,True,1
001_20200826_043255(8),test,576,444,255744,256,0.10010010010010009,True,1
001_20200826_123711(3),test,576,444,255744,256,0.10010010010010009,True,1
001_20200826_123714(5),test,576,444,255744,272,0.10635635635635636,True,1
002_20200625_003116(4),test,352,332,116864,784,0.6708652792990142,True,3
002_20200625_003120(7),test,352,332,116864,784,0.6708652792990142,True,3
002_20200625_003125(4),test,352,332,116864,768,0.6571741511500547,True,3
002_20200625_003130(0),test,352,332,116864,768,0.6571741511500547,True,3
002_20200625_003134(4),test,352,332,116864,768,0.6571741511500547,True,3
002_20200625_003139(0),test,352,332,116864,768,0.6571741511500547,True,3
002_20200625_003352(9),test,316,332,104912,800,0.7625438462711606,True,3
002_20200625_003357(4),test,316,332,104912,768,0.7320420924203141,True,3
002_20200625_003401(8),test,316,332,104912,816,0.7777947231965838,True,3
002_20200625_003406(3),test,316,332,104912,784,0.7472929693457374,True,3
002_20200625_003410(8),test,316,332,104912,784,0.7472929693457374,True,3
002_20200625_003415(4),test,316,332,104912,800,0.7625438462711606,True,3
002_20200625_042934(9),test,352,332,116864,768,0.6571741511500547,True,3
002_20200625_042939(2),test,352,332,116864,784,0.6708652792990142,True,3
002_20200625_042943(7),test,352,332,116864,768,0.6571741511500547,True,3
002_20200625_042948(3),test,352,332,116864,784,0.6708652792990142,True,3
002_20200625_042952(8),test,352,332,116864,784,0.6708652792990142,True,3
002_20200625_042957(3),test,352,332,116864,768,0.6571741511500547,True,3
002_20200905_003315(2),test,316,332,104912,272,0.25926490773219457,True,1
002_20200905_003319(2),test,316,332,104912,256,0.24401403080677142,True,1
002_20200905_003323(3),test,316,332,104912,272,0.25926490773219457,True,1
002_20200905_003327(3),test,316,332,104912,272,0.25926490773219457,True,1
002_20200905_003331(2),test,316,332,104912,256,0.24401403080677142,True,1
002_20200905_003335(3),test,316,332,104912,256,0.24401403080677142,True,1
002_20200905_043156(0),test,316,332,104912,256,0.24401403080677142,True,1
002_20200905_043200(0),test,316,332,104912,256,0.24401403080677142,True,1
002_20200905_043204(0),test,316,332,104912,272,0.25926490773219457,True,1
002_20200905_043208(0),test,316,332,104912,272,0.25926490773219457,True,1
002_20200905_043212(1),test,316,332,104912,272,0.25926490773219457,True,1
002_20200905_043216(0),test,316,332,104912,288,0.27451578465761783,True,1
002_20200905_083407(3),test,316,332,104912,256,0.24401403080677142,True,1
002_20200905_083410(5),test,316,332,104912,256,0.24401403080677142,True,1
002_20200905_083413(6),test,316,332,104912,256,0.24401403080677142,True,1
002_20200905_083416(3),test,316,332,104912,256,0.24401403080677142,True,1
002_20200905_083419(3),test,316,332,104912,272,0.25926490773219457,True,1
002_20200905_083422(4),test,316,332,104912,256,0.24401403080677142,True,1
002_20200905_123055(0),test,316,332,104912,272,0.25926490773219457,True,1
002_20200905_123058(4),test,316,332,104912,272,0.25926490773219457,True,1
002_20200905_123102(0),test,316,332,104912,256,0.24401403080677142,True,1
002_20200905_123105(0),test,316,332,104912,272,0.25926490773219457,True,1
002_20200905_123108(4),test,316,332,104912,256,0.24401403080677142,True,1
002_20200905_123112(0),test,316,332,104912,256,0.24401403080677142,True,1
002_20200905_163922(9),test,316,332,104912,272,0.25926490773219457,True,1
002_20200905_163926(4),test,316,332,104912,256,0.24401403080677142,True,1
002_20200905_163929(7),test,316,332,104912,272,0.25926490773219457,True,1
002_20200905_163932(9),test,316,332,104912,272,0.25926490773219457,True,1
002_20200905_163936(2),test,316,332,104912,256,0.24401403080677142,True,1
002_20200905_163939(7),test,316,332,104912,256,0.24401403080677142,True,1
002_20200905_204033(3),test,316,332,104912,256,0.24401403080677142,True,1
002_20200905_204039(5),test,316,332,104912,256,0.24401403080677142,True,1
002_20200905_204042(9),test,316,332,104912,256,0.24401403080677142,True,1
002_20200905_204046(0),test,316,332,104912,272,0.25926490773219457,True,1
002_20200905_204049(1),test,316,332,104912,272,0.25926490773219457,True,1
002_20200905_204052(3),test,316,332,104912,256,0.24401403080677142,True,1
002_20200907_184813(1),test,316,332,104912,256,0.24401403080677142,True,1
002_20200907_184815(7),test,316,332,104912,272,0.25926490773219457,True,1
002_20200907_184818(2),test,316,332,104912,256,0.24401403080677142,True,1
002_20200907_184823(7),test,316,332,104912,256,0.24401403080677142,True,1
002_20200907_184826(3),test,316,332,104912,256,0.24401403080677142,True,1
002_20200907_184828(8),test,316,332,104912,256,0.24401403080677142,True,1
002_20200907_204635(5),test,316,332,104912,256,0.24401403080677142,True,1
002_20200907_204640(0),test,316,332,104912,256,0.24401403080677142,True,1
002_20200907_204644(5),test,316,332,104912,256,0.24401403080677142,True,1
002_20200907_204649(0),test,316,332,104912,256,0.24401403080677142,True,1
002_20200907_204653(4),test,316,332,104912,256,0.24401403080677142,True,1
